topic,birth,m,month,n,R10,R5,R1,BM1
a2a,2025-04,0,2025-04,27,0.3333333333333333,0.5185185185185185,1.0,0.5925925925925926
a2a,2025-04,1,2025-05,11,0.45454545454545453,0.5454545454545454,1.0,0.7272727272727273
a2a,2025-04,2,2025-06,5,0.4,0.8,1.0,0.8
a2a,2025-04,3,2025-07,6,0.16666666666666666,0.3333333333333333,1.0,0.8333333333333334
a2a,2025-04,4,2025-08,3,0.0,0.0,0.6666666666666666,0.0
a2a,2025-04,5,2025-09,5,0.2,0.4,1.0,1.0
a2a,2025-04,6,2025-10,4,0.0,0.25,0.75,0.0
a2a,2025-04,7,2025-11,1,0.0,0.0,1.0,1.0
a2a,2025-04,8,2025-12,7,0.42857142857142855,0.5714285714285714,0.7142857142857143,0.42857142857142855
a2a,2025-04,9,2026-01,5,0.2,0.4,0.6,0.4
a2a,2025-04,10,2026-02,6,0.16666666666666666,0.5,1.0,0.3333333333333333
a2a,2025-04,11,2026-03,5,0.0,0.0,0.6,0.2
a2a,2025-04,12,2026-04,7,0.0,0.14285714285714285,0.5714285714285714,0.2857142857142857
a2a,2025-04,13,2026-05,23,0.043478260869565216,0.13043478260869565,0.4782608695652174,0.17391304347826086
a2a,2025-04,14,2026-06,11,0.0,0.09090909090909091,0.7272727272727273,0.5454545454545454
a2a,2025-04,15,2026-07,5,0.0,0.2,0.8,0.0
a2a,2025-04,16,2026-08,1,0.0,0.0,1.0,1.0
aiエージェント,2024-12,0,2024-12,25,0.48,0.72,1.0,0.4
aiエージェント,2024-12,1,2025-01,45,0.5111111111111111,0.7777777777777778,1.0,0.6
aiエージェント,2024-12,2,2025-02,86,0.5465116279069767,0.7441860465116279,0.9651162790697675,0.6744186046511628
aiエージェント,2024-12,3,2025-03,73,0.4657534246575342,0.6027397260273972,0.9863013698630136,0.6575342465753424
aiエージェント,2024-12,4,2025-04,104,0.23076923076923078,0.5192307692307693,0.9615384615384616,0.5576923076923077
aiエージェント,2024-12,5,2025-05,96,0.2708333333333333,0.4895833333333333,0.9895833333333334,0.5833333333333334
aiエージェント,2024-12,6,2025-06,119,0.40336134453781514,0.5882352941176471,0.9747899159663865,0.6722689075630253
aiエージェント,2024-12,7,2025-07,85,0.3058823529411765,0.5764705882352941,0.9176470588235294,0.6705882352941176
aiエージェント,2024-12,8,2025-08,74,0.22972972972972974,0.4594594594594595,0.8378378378378378,0.527027027027027
aiエージェント,2024-12,9,2025-09,70,0.18571428571428572,0.37142857142857144,0.9,0.6285714285714286
aiエージェント,2024-12,10,2025-10,76,0.3026315789473684,0.4342105263157895,0.8947368421052632,0.618421052631579
aiエージェント,2024-12,11,2025-11,101,0.32673267326732675,0.504950495049505,0.8910891089108911,0.6435643564356436
aiエージェント,2024-12,12,2025-12,155,0.38064516129032255,0.5806451612903226,0.9419354838709677,0.6064516129032258
aiエージェント,2024-12,13,2026-01,133,0.3082706766917293,0.45112781954887216,0.8872180451127819,0.6616541353383458
aiエージェント,2024-12,14,2026-02,207,0.21256038647342995,0.4057971014492754,0.8260869565217391,0.6328502415458938
aiエージェント,2024-12,15,2026-03,280,0.16071428571428573,0.3,0.9357142857142857,0.475
aiエージェント,2024-12,16,2026-04,282,0.16312056737588654,0.26595744680851063,0.7836879432624113,0.4574468085106383
aiエージェント,2024-12,17,2026-05,329,0.08206686930091185,0.17933130699088146,0.78419452887538,0.3465045592705167
aiエージェント,2024-12,18,2026-06,365,0.08493150684931507,0.17534246575342466,0.7561643835616438,0.32054794520547947
aiエージェント,2024-12,19,2026-07,424,0.06839622641509434,0.1721698113207547,0.7594339622641509,0.2783018867924528
aiエージェント,2024-12,20,2026-08,499,0.04809619238476954,0.11222444889779559,0.6052104208416834,0.23847695390781562
aiエージェント,2024-12,21,2026-09,53,0.03773584905660377,0.07547169811320754,0.4528301886792453,0.11320754716981132
cline,2025-01,0,2025-01,36,0.5833333333333334,0.8055555555555556,1.0,0.6666666666666666
cline,2025-01,1,2025-02,30,0.6,0.7333333333333333,0.9666666666666667,0.7666666666666667
cline,2025-01,2,2025-03,111,0.5405405405405406,0.7657657657657657,1.0,0.7657657657657657
cline,2025-01,3,2025-04,61,0.32786885245901637,0.6721311475409836,0.9672131147540983,0.6557377049180327
cline,2025-01,4,2025-05,31,0.3548387096774194,0.5161290322580645,1.0,0.6129032258064516
cline,2025-01,5,2025-06,21,0.23809523809523808,0.2857142857142857,0.9523809523809523,0.42857142857142855
cline,2025-01,6,2025-07,13,0.23076923076923078,0.3076923076923077,0.8461538461538461,0.46153846153846156
cline,2025-01,7,2025-08,3,0.0,0.0,0.6666666666666666,0.6666666666666666
cline,2025-01,8,2025-09,3,0.6666666666666666,0.6666666666666666,1.0,1.0
cline,2025-01,9,2025-10,3,0.3333333333333333,0.6666666666666666,1.0,0.6666666666666666
cline,2025-01,10,2025-11,4,0.25,0.5,0.75,0.5
cline,2025-01,11,2025-12,3,0.3333333333333333,0.3333333333333333,1.0,0.3333333333333333
cline,2025-01,12,2026-01,3,0.3333333333333333,0.3333333333333333,1.0,0.6666666666666666
cline,2025-01,13,2026-02,3,0.0,0.3333333333333333,1.0,0.6666666666666666
cline,2025-01,14,2026-03,5,0.0,0.2,0.8,0.4
cline,2025-01,15,2026-04,3,0.0,0.0,0.0,0.0
cline,2025-01,17,2026-06,3,0.0,0.0,1.0,0.0
cline,2025-01,18,2026-07,3,0.0,0.0,0.0,0.0
cline,2025-01,19,2026-08,2,0.0,0.5,0.5,0.5
cline,2025-01,20,2026-09,3,0.0,0.0,0.6666666666666666,0.3333333333333333
codex,2025-05,0,2025-05,18,0.3888888888888889,0.6666666666666666,0.8888888888888888,0.6111111111111112
codex,2025-05,1,2025-06,9,0.4444444444444444,0.6666666666666666,0.8888888888888888,0.6666666666666666
codex,2025-05,2,2025-07,3,0.0,0.0,1.0,0.3333333333333333
codex,2025-05,3,2025-08,23,0.43478260869565216,0.5217391304347826,0.782608695652174,0.5652173913043478
codex,2025-05,4,2025-09,58,0.3620689655172414,0.5862068965517241,0.8620689655172413,0.7068965517241379
codex,2025-05,5,2025-10,70,0.34285714285714286,0.5,0.9,0.7857142857142857
codex,2025-05,6,2025-11,34,0.35294117647058826,0.4117647058823529,0.7352941176470589,0.5294117647058824
codex,2025-05,7,2025-12,66,0.4393939393939394,0.6363636363636364,0.9242424242424242,0.6212121212121212
codex,2025-05,8,2026-01,66,0.42424242424242425,0.5909090909090909,0.9090909090909091,0.7424242424242424
codex,2025-05,9,2026-02,103,0.32038834951456313,0.5436893203883495,0.8737864077669902,0.7184466019417476
codex,2025-05,10,2026-03,134,0.26119402985074625,0.3880597014925373,0.8283582089552238,0.6343283582089553
codex,2025-05,11,2026-04,125,0.184,0.32,0.824,0.632
codex,2025-05,12,2026-05,278,0.18345323741007194,0.3345323741007194,0.8129496402877698,0.5035971223021583
codex,2025-05,13,2026-06,257,0.11673151750972763,0.22957198443579765,0.8365758754863813,0.45136186770428016
codex,2025-05,14,2026-07,236,0.1228813559322034,0.19915254237288135,0.864406779661017,0.3771186440677966
codex,2025-05,15,2026-08,232,0.0603448275862069,0.12931034482758622,0.5689655172413793,0.24568965517241378
codex,2025-05,16,2026-09,31,0.03225806451612903,0.03225806451612903,0.41935483870967744,0.0967741935483871
deepseek,2025-01,0,2025-01,61,0.4098360655737705,0.639344262295082,0.9672131147540983,0.5409836065573771
deepseek,2025-01,1,2025-02,28,0.35714285714285715,0.4642857142857143,1.0,0.6428571428571429
deepseek,2025-01,2,2025-03,17,0.058823529411764705,0.058823529411764705,0.8235294117647058,0.17647058823529413
deepseek,2025-01,3,2025-04,11,0.18181818181818182,0.5454545454545454,1.0,0.5454545454545454
deepseek,2025-01,4,2025-05,5,0.6,0.6,0.8,0.6
deepseek,2025-01,5,2025-06,4,0.25,0.25,1.0,0.5
deepseek,2025-01,6,2025-07,2,0.0,0.0,1.0,0.0
deepseek,2025-01,9,2025-10,1,0.0,0.0,1.0,1.0
deepseek,2025-01,10,2025-11,4,0.25,0.5,0.75,1.0
deepseek,2025-01,11,2025-12,6,0.3333333333333333,0.3333333333333333,0.6666666666666666,0.3333333333333333
deepseek,2025-01,12,2026-01,4,0.0,0.0,1.0,0.0
deepseek,2025-01,13,2026-02,2,0.0,0.0,0.5,0.0
deepseek,2025-01,14,2026-03,8,0.125,0.125,0.5,0.375
deepseek,2025-01,15,2026-04,10,0.1,0.2,0.5,0.3
deepseek,2025-01,16,2026-05,13,0.07692307692307693,0.15384615384615385,0.7692307692307693,0.5384615384615384
deepseek,2025-01,17,2026-06,19,0.05263157894736842,0.10526315789473684,0.631578947368421,0.3157894736842105
deepseek,2025-01,18,2026-07,7,0.0,0.14285714285714285,0.7142857142857143,0.2857142857142857
deepseek,2025-01,19,2026-08,44,0.022727272727272728,0.13636363636363635,0.5,0.22727272727272727
deepseek,2025-01,20,2026-09,3,0.0,0.0,0.3333333333333333,0.0
devin,2025-02,0,2025-02,13,1.0,1.0,1.0,1.0
devin,2025-02,1,2025-03,35,0.5714285714285714,0.7428571428571429,1.0,0.6
devin,2025-02,2,2025-04,38,0.3684210526315789,0.7894736842105263,1.0,0.6578947368421053
devin,2025-02,3,2025-05,33,0.3333333333333333,0.696969696969697,0.9696969696969697,0.6666666666666666
devin,2025-02,4,2025-06,29,0.5172413793103449,0.8275862068965517,1.0,0.5862068965517241
devin,2025-02,5,2025-07,23,0.391304347826087,0.43478260869565216,0.782608695652174,0.6956521739130435
devin,2025-02,6,2025-08,10,0.1,0.3,1.0,0.3
devin,2025-02,7,2025-09,20,0.25,0.75,1.0,0.75
devin,2025-02,8,2025-10,6,0.3333333333333333,0.6666666666666666,1.0,0.6666666666666666
devin,2025-02,9,2025-11,8,0.25,0.375,0.875,0.25
devin,2025-02,10,2025-12,22,0.45454545454545453,0.6363636363636364,0.9090909090909091,0.5454545454545454
devin,2025-02,11,2026-01,3,0.6666666666666666,0.6666666666666666,1.0,1.0
devin,2025-02,12,2026-02,6,0.6666666666666666,0.8333333333333334,1.0,0.8333333333333334
devin,2025-02,13,2026-03,15,0.3333333333333333,0.4666666666666667,1.0,0.6666666666666666
devin,2025-02,14,2026-04,8,0.375,0.5,0.75,0.5
devin,2025-02,15,2026-05,11,0.18181818181818182,0.36363636363636365,0.9090909090909091,0.36363636363636365
devin,2025-02,16,2026-06,11,0.0,0.2727272727272727,0.9090909090909091,0.09090909090909091
devin,2025-02,17,2026-07,11,0.2727272727272727,0.5454545454545454,0.8181818181818182,0.5454545454545454
devin,2025-02,18,2026-08,9,0.2222222222222222,0.5555555555555556,0.8888888888888888,0.3333333333333333
devin,2025-02,19,2026-09,1,0.0,0.0,1.0,0.0
dify,2024-05,0,2024-05,25,0.64,0.8,1.0,0.52
dify,2024-05,1,2024-06,39,0.4358974358974359,0.7435897435897436,0.9743589743589743,0.38461538461538464
dify,2024-05,2,2024-07,17,0.35294117647058826,0.7647058823529411,1.0,0.35294117647058826
dify,2024-05,3,2024-08,27,0.4444444444444444,0.5925925925925926,0.9259259259259259,0.48148148148148145
dify,2024-05,4,2024-09,23,0.2608695652173913,0.391304347826087,0.9130434782608695,0.30434782608695654
dify,2024-05,5,2024-10,15,0.2,0.4666666666666667,0.7333333333333333,0.2
dify,2024-05,6,2024-11,13,0.38461538461538464,0.6153846153846154,1.0,0.46153846153846156
dify,2024-05,7,2024-12,32,0.46875,0.8125,1.0,0.375
dify,2024-05,8,2025-01,28,0.14285714285714285,0.5,1.0,0.4642857142857143
dify,2024-05,9,2025-02,17,0.29411764705882354,0.6470588235294118,0.9411764705882353,0.5882352941176471
dify,2024-05,10,2025-03,22,0.13636363636363635,0.2727272727272727,1.0,0.4090909090909091
dify,2024-05,11,2025-04,31,0.1935483870967742,0.6129032258064516,1.0,0.5483870967741935
dify,2024-05,12,2025-05,24,0.16666666666666666,0.5,1.0,0.5
dify,2024-05,13,2025-06,25,0.2,0.52,1.0,0.56
dify,2024-05,14,2025-07,28,0.03571428571428571,0.39285714285714285,0.8571428571428571,0.5
dify,2024-05,15,2025-08,13,0.15384615384615385,0.5384615384615384,1.0,0.6153846153846154
dify,2024-05,16,2025-09,12,0.08333333333333333,0.6666666666666666,0.9166666666666666,0.5833333333333334
dify,2024-05,17,2025-10,28,0.07142857142857142,0.2857142857142857,0.9285714285714286,0.6785714285714286
dify,2024-05,18,2025-11,30,0.03333333333333333,0.13333333333333333,0.5666666666666667,0.2
dify,2024-05,19,2025-12,26,0.2692307692307692,0.4230769230769231,0.8846153846153846,0.5384615384615384
dify,2024-05,20,2026-01,23,0.2608695652173913,0.34782608695652173,0.9130434782608695,0.391304347826087
dify,2024-05,21,2026-02,17,0.17647058823529413,0.35294117647058826,0.7058823529411765,0.5882352941176471
dify,2024-05,22,2026-03,25,0.0,0.12,0.6,0.4
dify,2024-05,23,2026-04,19,0.0,0.05263157894736842,0.631578947368421,0.2631578947368421
dify,2024-05,24,2026-05,15,0.06666666666666667,0.4,0.7333333333333333,0.4
dify,2024-05,25,2026-06,20,0.05,0.15,0.55,0.45
dify,2024-05,26,2026-07,23,0.043478260869565216,0.17391304347826086,0.6086956521739131,0.2608695652173913
dify,2024-05,27,2026-08,9,0.0,0.0,0.4444444444444444,0.1111111111111111
geminicli,2025-06,0,2025-06,53,0.41509433962264153,0.5849056603773585,0.7924528301886793,0.7169811320754716
geminicli,2025-06,1,2025-07,72,0.18055555555555555,0.4166666666666667,0.9027777777777778,0.6527777777777778
geminicli,2025-06,2,2025-08,31,0.0967741935483871,0.25806451612903225,0.8387096774193549,0.5483870967741935
geminicli,2025-06,3,2025-09,22,0.18181818181818182,0.45454545454545453,0.9545454545454546,0.8181818181818182
geminicli,2025-06,4,2025-10,14,0.21428571428571427,0.21428571428571427,0.7142857142857143,0.7142857142857143
geminicli,2025-06,5,2025-11,7,0.0,0.2857142857142857,1.0,0.7142857142857143
geminicli,2025-06,6,2025-12,9,0.5555555555555556,0.7777777777777778,1.0,0.7777777777777778
geminicli,2025-06,7,2026-01,14,0.14285714285714285,0.5,0.9285714285714286,0.7142857142857143
geminicli,2025-06,8,2026-02,23,0.08695652173913043,0.30434782608695654,0.9130434782608695,0.7391304347826086
geminicli,2025-06,9,2026-03,21,0.047619047619047616,0.14285714285714285,0.8095238095238095,0.38095238095238093
geminicli,2025-06,10,2026-04,17,0.0,0.23529411764705882,0.8823529411764706,0.5294117647058824
geminicli,2025-06,11,2026-05,14,0.21428571428571427,0.2857142857142857,0.9285714285714286,0.42857142857142855
geminicli,2025-06,12,2026-06,5,0.0,0.0,0.8,0.4
geminicli,2025-06,13,2026-07,4,0.0,0.0,0.75,0.5
geminicli,2025-06,14,2026-08,1,0.0,0.0,0.0,0.0
kiro,2025-07,0,2025-07,40,0.525,0.65,0.975,0.7
kiro,2025-07,1,2025-08,30,0.23333333333333334,0.5,0.8333333333333334,0.6
kiro,2025-07,2,2025-09,17,0.47058823529411764,0.5294117647058824,0.9411764705882353,0.8235294117647058
kiro,2025-07,3,2025-10,2,0.0,0.0,1.0,1.0
kiro,2025-07,4,2025-11,10,0.3,0.5,0.9,0.6
kiro,2025-07,5,2025-12,25,0.16,0.52,0.88,0.52
kiro,2025-07,6,2026-01,7,0.14285714285714285,0.2857142857142857,0.7142857142857143,0.42857142857142855
kiro,2025-07,7,2026-02,13,0.23076923076923078,0.38461538461538464,0.9230769230769231,0.6153846153846154
kiro,2025-07,8,2026-03,22,0.09090909090909091,0.3181818181818182,0.9545454545454546,0.5454545454545454
kiro,2025-07,9,2026-04,27,0.1111111111111111,0.2222222222222222,0.5185185185185185,0.37037037037037035
kiro,2025-07,10,2026-05,34,0.08823529411764706,0.17647058823529413,0.6470588235294118,0.2647058823529412
kiro,2025-07,11,2026-06,25,0.16,0.28,0.72,0.4
kiro,2025-07,12,2026-07,18,0.2222222222222222,0.5555555555555556,0.8888888888888888,0.5
kiro,2025-07,13,2026-08,24,0.041666666666666664,0.20833333333333334,0.7083333333333334,0.4166666666666667
kiro,2025-07,14,2026-09,3,0.0,0.6666666666666666,1.0,0.6666666666666666
langgraph,2024-11,0,2024-11,23,0.34782608695652173,0.4782608695652174,0.8695652173913043,0.34782608695652173
langgraph,2024-11,1,2024-12,13,0.38461538461538464,0.46153846153846156,1.0,0.3076923076923077
langgraph,2024-11,2,2025-01,9,0.3333333333333333,0.4444444444444444,0.8888888888888888,0.6666666666666666
langgraph,2024-11,3,2025-02,19,0.3684210526315789,0.631578947368421,1.0,0.6842105263157895
langgraph,2024-11,4,2025-03,7,0.42857142857142855,0.5714285714285714,1.0,0.7142857142857143
langgraph,2024-11,5,2025-04,23,0.21739130434782608,0.391304347826087,0.9565217391304348,0.6086956521739131
langgraph,2024-11,6,2025-05,10,0.1,0.3,1.0,0.4
langgraph,2024-11,7,2025-06,12,0.16666666666666666,0.4166666666666667,1.0,0.75
langgraph,2024-11,8,2025-07,5,0.2,0.8,1.0,0.6
langgraph,2024-11,9,2025-08,6,0.0,0.0,0.5,0.16666666666666666
langgraph,2024-11,10,2025-09,13,0.07692307692307693,0.15384615384615385,0.6923076923076923,0.38461538461538464
langgraph,2024-11,11,2025-10,7,0.0,0.14285714285714285,0.7142857142857143,0.14285714285714285
langgraph,2024-11,12,2025-11,9,0.1111111111111111,0.3333333333333333,0.7777777777777778,0.5555555555555556
langgraph,2024-11,13,2025-12,13,0.3076923076923077,0.5384615384615384,0.8461538461538461,0.46153846153846156
langgraph,2024-11,14,2026-01,9,0.0,0.2222222222222222,0.8888888888888888,0.5555555555555556
langgraph,2024-11,15,2026-02,12,0.16666666666666666,0.3333333333333333,0.75,0.4166666666666667
langgraph,2024-11,16,2026-03,12,0.08333333333333333,0.16666666666666666,0.8333333333333334,0.4166666666666667
langgraph,2024-11,17,2026-04,8,0.25,0.5,0.875,0.5
langgraph,2024-11,18,2026-05,23,0.043478260869565216,0.043478260869565216,0.5217391304347826,0.21739130434782608
langgraph,2024-11,19,2026-06,19,0.0,0.05263157894736842,0.631578947368421,0.3157894736842105
langgraph,2024-11,20,2026-07,15,0.13333333333333333,0.13333333333333333,0.7333333333333333,0.4666666666666667
langgraph,2024-11,21,2026-08,16,0.0,0.0625,0.3125,0.0625
langgraph,2024-11,22,2026-09,2,0.0,0.0,0.5,0.0
mastra,2025-03,0,2025-03,13,0.38461538461538464,0.5384615384615384,0.9230769230769231,0.6153846153846154
mastra,2025-03,1,2025-04,12,0.5833333333333334,0.75,1.0,0.8333333333333334
mastra,2025-03,2,2025-05,14,0.42857142857142855,0.7142857142857143,1.0,0.7857142857142857
mastra,2025-03,3,2025-06,17,0.47058823529411764,0.6470588235294118,1.0,0.6470588235294118
mastra,2025-03,4,2025-07,7,0.5714285714285714,0.7142857142857143,1.0,0.7142857142857143
mastra,2025-03,5,2025-08,6,0.3333333333333333,0.6666666666666666,1.0,1.0
mastra,2025-03,6,2025-09,8,0.125,0.375,1.0,0.75
mastra,2025-03,7,2025-10,11,0.45454545454545453,0.6363636363636364,1.0,0.45454545454545453
mastra,2025-03,8,2025-11,2,0.0,0.5,1.0,1.0
mastra,2025-03,9,2025-12,14,0.14285714285714285,0.2857142857142857,1.0,0.7857142857142857
mastra,2025-03,10,2026-01,5,0.2,0.4,1.0,0.6
mastra,2025-03,11,2026-02,7,0.14285714285714285,0.42857142857142855,1.0,0.7142857142857143
mastra,2025-03,12,2026-03,41,0.024390243902439025,0.12195121951219512,0.975609756097561,0.14634146341463414
mastra,2025-03,13,2026-04,36,0.027777777777777776,0.08333333333333333,0.9722222222222222,0.1111111111111111
mastra,2025-03,14,2026-05,32,0.0,0.0,1.0,0.0
mastra,2025-03,15,2026-06,31,0.0,0.0,0.9032258064516129,0.0967741935483871
mastra,2025-03,16,2026-07,31,0.0,0.0,1.0,0.0
mastra,2025-03,17,2026-08,34,0.0,0.0,0.9411764705882353,0.058823529411764705
mastra,2025-03,18,2026-09,3,0.0,0.0,1.0,0.0
mcp,2024-12,0,2024-12,35,0.42857142857142855,0.6857142857142857,1.0,0.6285714285714286
mcp,2024-12,1,2025-01,15,0.7333333333333333,0.9333333333333333,1.0,0.7333333333333333
mcp,2024-12,2,2025-02,22,0.5454545454545454,0.6818181818181818,0.9545454545454546,0.5909090909090909
mcp,2024-12,3,2025-03,142,0.6197183098591549,0.7887323943661971,0.9788732394366197,0.8591549295774648
mcp,2024-12,4,2025-04,331,0.34441087613293053,0.6253776435045317,0.9667673716012085,0.649546827794562
mcp,2024-12,5,2025-05,189,0.24338624338624337,0.5343915343915344,0.9735449735449735,0.5608465608465608
mcp,2024-12,6,2025-06,195,0.358974358974359,0.5846153846153846,0.9743589743589743,0.6564102564102564
mcp,2024-12,7,2025-07,160,0.275,0.50625,0.8375,0.6125
mcp,2024-12,8,2025-08,119,0.31932773109243695,0.4789915966386555,0.9159663865546218,0.6554621848739496
mcp,2024-12,9,2025-09,114,0.3157894736842105,0.5526315789473685,0.9298245614035088,0.7105263157894737
mcp,2024-12,10,2025-10,105,0.24761904761904763,0.42857142857142855,0.9142857142857143,0.6476190476190476
mcp,2024-12,11,2025-11,68,0.27941176470588236,0.4117647058823529,0.8529411764705882,0.5147058823529411
mcp,2024-12,12,2025-12,161,0.2919254658385093,0.4782608695652174,0.9130434782608695,0.6335403726708074
mcp,2024-12,13,2026-01,122,0.27049180327868855,0.3770491803278688,0.860655737704918,0.6311475409836066
mcp,2024-12,14,2026-02,205,0.1902439024390244,0.33658536585365856,0.8097560975609757,0.6146341463414634
mcp,2024-12,15,2026-03,235,0.18723404255319148,0.30638297872340425,0.7702127659574468,0.5702127659574469
mcp,2024-12,16,2026-04,230,0.11304347826086956,0.2391304347826087,0.782608695652174,0.47391304347826085
mcp,2024-12,17,2026-05,215,0.14883720930232558,0.2558139534883721,0.8930232558139535,0.5255813953488372
mcp,2024-12,18,2026-06,279,0.1003584229390681,0.20430107526881722,0.8136200716845878,0.3727598566308244
mcp,2024-12,19,2026-07,254,0.08661417322834646,0.1732283464566929,0.7795275590551181,0.3346456692913386
mcp,2024-12,20,2026-08,247,0.05263157894736842,0.09716599190283401,0.5546558704453441,0.291497975708502
mcp,2024-12,21,2026-09,28,0.07142857142857142,0.10714285714285714,0.6071428571428571,0.2857142857142857
n8n,2025-05,0,2025-05,10,0.3,0.8,1.0,0.9
n8n,2025-05,1,2025-06,18,0.16666666666666666,0.3333333333333333,0.9444444444444444,0.5555555555555556
n8n,2025-05,2,2025-07,14,0.14285714285714285,0.2857142857142857,0.6428571428571429,0.5
n8n,2025-05,3,2025-08,8,0.5,0.75,1.0,0.75
n8n,2025-05,4,2025-09,10,0.2,0.6,0.9,0.8
n8n,2025-05,5,2025-10,9,0.0,0.1111111111111111,0.8888888888888888,0.4444444444444444
n8n,2025-05,6,2025-11,16,0.0625,0.0625,0.6875,0.4375
n8n,2025-05,7,2025-12,25,0.28,0.44,0.88,0.52
n8n,2025-05,8,2026-01,6,0.0,0.0,0.8333333333333334,0.6666666666666666
n8n,2025-05,9,2026-02,30,0.13333333333333333,0.16666666666666666,0.6,0.4666666666666667
n8n,2025-05,10,2026-03,38,0.05263157894736842,0.10526315789473684,0.5789473684210527,0.42105263157894735
n8n,2025-05,11,2026-04,25,0.08,0.24,0.68,0.52
n8n,2025-05,12,2026-05,14,0.0,0.07142857142857142,0.9285714285714286,0.5714285714285714
n8n,2025-05,13,2026-06,13,0.0,0.15384615384615385,0.46153846153846156,0.38461538461538464
n8n,2025-05,14,2026-07,15,0.0,0.13333333333333333,0.6666666666666666,0.26666666666666666
n8n,2025-05,15,2026-08,5,0.0,0.0,0.2,0.0
ollama,2024-04,0,2024-04,13,0.5384615384615384,0.7692307692307693,0.9230769230769231,0.46153846153846156
ollama,2024-04,1,2024-05,13,0.6153846153846154,0.7692307692307693,0.8461538461538461,0.5384615384615384
ollama,2024-04,2,2024-06,6,0.3333333333333333,0.5,1.0,0.5
ollama,2024-04,3,2024-07,18,0.3888888888888889,0.6111111111111112,0.9444444444444444,0.2222222222222222
ollama,2024-04,4,2024-08,5,0.4,0.6,0.8,0.4
ollama,2024-04,5,2024-09,7,0.14285714285714285,0.42857142857142855,0.8571428571428571,0.14285714285714285
ollama,2024-04,6,2024-10,11,0.5454545454545454,0.7272727272727273,1.0,0.8181818181818182
ollama,2024-04,7,2024-11,7,0.2857142857142857,0.42857142857142855,1.0,0.2857142857142857
ollama,2024-04,8,2024-12,13,0.23076923076923078,0.38461538461538464,0.9230769230769231,0.46153846153846156
ollama,2024-04,9,2025-01,13,0.46153846153846156,0.6153846153846154,1.0,0.5384615384615384
ollama,2024-04,10,2025-02,19,0.2631578947368421,0.47368421052631576,1.0,0.7368421052631579
ollama,2024-04,11,2025-03,23,0.17391304347826086,0.30434782608695654,0.9565217391304348,0.391304347826087
ollama,2024-04,12,2025-04,10,0.4,0.6,1.0,0.7
ollama,2024-04,13,2025-05,17,0.17647058823529413,0.35294117647058826,0.9411764705882353,0.5882352941176471
ollama,2024-04,14,2025-06,10,0.1,0.2,0.9,0.7
ollama,2024-04,15,2025-07,12,0.08333333333333333,0.16666666666666666,1.0,0.4166666666666667
ollama,2024-04,16,2025-08,20,0.1,0.25,0.95,0.5
ollama,2024-04,17,2025-09,23,0.043478260869565216,0.17391304347826086,0.7391304347826086,0.5217391304347826
ollama,2024-04,18,2025-10,6,0.0,0.0,0.8333333333333334,0.5
ollama,2024-04,19,2025-11,15,0.26666666666666666,0.3333333333333333,0.8,0.8
ollama,2024-04,20,2025-12,17,0.29411764705882354,0.47058823529411764,0.8235294117647058,0.4117647058823529
ollama,2024-04,21,2026-01,18,0.1111111111111111,0.2222222222222222,0.8333333333333334,0.4444444444444444
ollama,2024-04,22,2026-02,35,0.2,0.2857142857142857,0.7714285714285715,0.6285714285714286
ollama,2024-04,23,2026-03,67,0.13432835820895522,0.31343283582089554,0.7761194029850746,0.47761194029850745
ollama,2024-04,24,2026-04,74,0.08108108108108109,0.12162162162162163,0.8108108108108109,0.43243243243243246
ollama,2024-04,25,2026-05,55,0.10909090909090909,0.2,0.8363636363636363,0.2909090909090909
ollama,2024-04,26,2026-06,84,0.09523809523809523,0.19047619047619047,0.7738095238095238,0.38095238095238093
ollama,2024-04,27,2026-07,75,0.05333333333333334,0.09333333333333334,0.7733333333333333,0.24
ollama,2024-04,28,2026-08,90,0.022222222222222223,0.08888888888888889,0.4666666666666667,0.15555555555555556
ollama,2024-04,29,2026-09,5,0.0,0.0,0.0,0.0
rag,2024-01,0,2024-01,12,0.3333333333333333,0.5,1.0,0.16666666666666666
rag,2024-01,1,2024-02,23,0.6086956521739131,0.782608695652174,1.0,0.43478260869565216
rag,2024-01,2,2024-03,20,0.5,0.7,0.9,0.4
rag,2024-01,3,2024-04,17,0.5294117647058824,0.7058823529411765,0.9411764705882353,0.47058823529411764
rag,2024-01,4,2024-05,26,0.3076923076923077,0.5384615384615384,0.9615384615384616,0.38461538461538464
rag,2024-01,5,2024-06,31,0.3548387096774194,0.6451612903225806,1.0,0.25806451612903225
rag,2024-01,6,2024-07,28,0.5,0.7857142857142857,0.9285714285714286,0.39285714285714285
rag,2024-01,7,2024-08,27,0.5555555555555556,0.7407407407407407,0.8518518518518519,0.5185185185185185
rag,2024-01,8,2024-09,36,0.3333333333333333,0.5833333333333334,0.9444444444444444,0.2777777777777778
rag,2024-01,9,2024-10,25,0.4,0.64,1.0,0.4
rag,2024-01,10,2024-11,27,0.4074074074074074,0.5555555555555556,0.9259259259259259,0.4444444444444444
rag,2024-01,11,2024-12,41,0.4146341463414634,0.6585365853658537,1.0,0.43902439024390244
rag,2024-01,12,2025-01,32,0.46875,0.71875,0.96875,0.6875
rag,2024-01,13,2025-02,36,0.3333333333333333,0.6388888888888888,0.9722222222222222,0.75
rag,2024-01,14,2025-03,62,0.27419354838709675,0.5,0.9838709677419355,0.5161290322580645
rag,2024-01,15,2025-04,50,0.38,0.64,0.96,0.74
rag,2024-01,16,2025-05,36,0.2777777777777778,0.5,0.9722222222222222,0.5833333333333334
rag,2024-01,17,2025-06,43,0.3023255813953488,0.5348837209302325,0.9069767441860465,0.6976744186046512
rag,2024-01,18,2025-07,45,0.17777777777777778,0.4666666666666667,0.8888888888888888,0.6666666666666666
rag,2024-01,19,2025-08,42,0.23809523809523808,0.42857142857142855,0.7857142857142857,0.6666666666666666
rag,2024-01,20,2025-09,41,0.2682926829268293,0.4878048780487805,0.8536585365853658,0.8048780487804879
rag,2024-01,21,2025-10,51,0.23529411764705882,0.49019607843137253,0.9411764705882353,0.8627450980392157
rag,2024-01,22,2025-11,43,0.20930232558139536,0.2558139534883721,0.8372093023255814,0.7209302325581395
rag,2024-01,23,2025-12,100,0.29,0.42,0.88,0.76
rag,2024-01,24,2026-01,61,0.32786885245901637,0.4426229508196721,0.8360655737704918,0.7540983606557377
rag,2024-01,25,2026-02,102,0.27450980392156865,0.4215686274509804,0.7352941176470589,0.5686274509803921
rag,2024-01,26,2026-03,103,0.2912621359223301,0.49514563106796117,0.8737864077669902,0.7766990291262136
rag,2024-01,27,2026-04,89,0.23595505617977527,0.3707865168539326,0.8651685393258427,0.5393258426966292
rag,2024-01,28,2026-05,116,0.11206896551724138,0.23275862068965517,0.8706896551724138,0.45689655172413796
rag,2024-01,29,2026-06,168,0.08928571428571429,0.1488095238095238,0.6904761904761905,0.3869047619047619
rag,2024-01,30,2026-07,122,0.05737704918032787,0.11475409836065574,0.6639344262295082,0.3114754098360656
rag,2024-01,31,2026-08,101,0.04950495049504951,0.13861386138613863,0.504950495049505,0.2376237623762376
rag,2024-01,32,2026-09,16,0.0625,0.0625,0.3125,0.125
vibecoding,2025-04,0,2025-04,18,0.4444444444444444,0.6111111111111112,1.0,0.6111111111111112
vibecoding,2025-04,1,2025-05,44,0.2727272727272727,0.5454545454545454,1.0,0.5909090909090909
vibecoding,2025-04,2,2025-06,56,0.39285714285714285,0.5892857142857143,0.9642857142857143,0.6607142857142857
vibecoding,2025-04,3,2025-07,97,0.1958762886597938,0.3711340206185567,0.8865979381443299,0.5567010309278351
vibecoding,2025-04,4,2025-08,62,0.20967741935483872,0.46774193548387094,0.9354838709677419,0.6612903225806451
vibecoding,2025-04,5,2025-09,35,0.2,0.34285714285714286,0.9714285714285714,0.7428571428571429
vibecoding,2025-04,6,2025-10,61,0.13114754098360656,0.2786885245901639,0.819672131147541,0.639344262295082
vibecoding,2025-04,7,2025-11,39,0.23076923076923078,0.3333333333333333,0.717948717948718,0.6410256410256411
vibecoding,2025-04,8,2025-12,71,0.3380281690140845,0.5492957746478874,0.9014084507042254,0.5633802816901409
vibecoding,2025-04,9,2026-01,106,0.20754716981132076,0.32075471698113206,0.8962264150943396,0.5094339622641509
vibecoding,2025-04,10,2026-02,120,0.19166666666666668,0.3333333333333333,0.7583333333333333,0.5083333333333333
vibecoding,2025-04,11,2026-03,127,0.15748031496062992,0.23622047244094488,0.6692913385826772,0.3700787401574803
vibecoding,2025-04,12,2026-04,104,0.11538461538461539,0.19230769230769232,0.6923076923076923,0.34615384615384615
vibecoding,2025-04,13,2026-05,84,0.09523809523809523,0.2261904761904762,0.75,0.3333333333333333
vibecoding,2025-04,14,2026-06,87,0.13793103448275862,0.21839080459770116,0.896551724137931,0.3793103448275862
vibecoding,2025-04,15,2026-07,75,0.09333333333333334,0.09333333333333334,0.72,0.17333333333333334
vibecoding,2025-04,16,2026-08,51,0.09803921568627451,0.1568627450980392,0.6078431372549019,0.2549019607843137
vibecoding,2025-04,17,2026-09,9,0.0,0.2222222222222222,0.8888888888888888,0.0
windsurf,2025-02,0,2025-02,10,0.4,0.6,1.0,0.7
windsurf,2025-02,1,2025-03,28,0.7142857142857143,0.8571428571428571,0.9642857142857143,0.8571428571428571
windsurf,2025-02,2,2025-04,14,0.5714285714285714,0.6428571428571429,0.8571428571428571,0.5714285714285714
windsurf,2025-02,3,2025-05,8,0.125,0.25,1.0,0.375
windsurf,2025-02,4,2025-06,7,0.14285714285714285,0.14285714285714285,1.0,0.42857142857142855
windsurf,2025-02,5,2025-07,8,0.125,0.375,1.0,0.375
windsurf,2025-02,6,2025-08,10,0.0,0.0,0.8,0.0
windsurf,2025-02,7,2025-09,6,0.0,0.0,1.0,0.3333333333333333
windsurf,2025-02,8,2025-10,8,0.375,0.375,1.0,0.25
windsurf,2025-02,9,2025-11,4,0.0,0.0,1.0,0.75
windsurf,2025-02,10,2025-12,4,0.25,0.25,1.0,0.5
windsurf,2025-02,11,2026-01,7,0.0,0.0,0.2857142857142857,0.0
windsurf,2025-02,12,2026-02,2,0.0,0.0,0.0,0.0
windsurf,2025-02,13,2026-03,2,0.0,0.0,0.5,0.0
windsurf,2025-02,15,2026-05,1,0.0,0.0,1.0,0.0
windsurf,2025-02,16,2026-06,2,0.0,0.0,0.5,0.0
windsurf,2025-02,17,2026-07,2,0.0,0.0,0.5,0.0
